{
  "0": {
    "name": "ENTITY_PLAYER_MOVE_IDLE",
    "atlas": 0,
    "loop": true,
    "length": 4,
    "frame_times": [ 100, 100, 100, 100 ],
    "texture_coordinants": [
      [
        [ 0.000000, 0.562500 ],
        [ 0.046875, 0.562500 ],
        [ 0.046875, 0.671875 ],
        [ 0.000000, 0.671875 ]
      ],
      [
        [ 0.000000, 0.671875 ],
        [ 0.046875, 0.671875 ],
        [ 0.046875, 0.781250 ],
        [ 0.000000, 0.781250 ]
      ],
      [
        [ 0.000000, 0.781250 ],
        [ 0.046875, 0.781250 ],
        [ 0.046875, 0.890625 ],
        [ 0.000000, 0.890625 ]
      ],
      [
        [ 0.000000, 0.890625 ],
        [ 0.046875, 0.890625 ],
        [ 0.046875, 1.000000 ],
        [ 0.000000, 1.000000 ]
      ]
    ]
  },
  "1": {
    "name": "ENTITY_PLAYER_MOVE_UP",
    "atlas": 0,
    "loop": true,
    "length": 8,
    "frame_times": [ 100, 100, 100, 100, 100, 100, 100, 100 ],
    "texture_coordinants": [
      [
        [ 0.250000, 0.125000 ],
        [ 0.187500, 0.125000 ],
        [ 0.187500, 0.234375 ],
        [ 0.250000, 0.234375 ]
      ],
      [
        [ 0.250000, 0.234375 ],
        [ 0.187500, 0.234375 ],
        [ 0.187500, 0.343750 ],
        [ 0.250000, 0.343750 ]
      ],
      [
        [ 0.250000, 0.343750 ],
        [ 0.187500, 0.343750 ],
        [ 0.187500, 0.453125 ],
        [ 0.250000, 0.453125 ]
      ],
      [
        [ 0.250000, 0.453125 ],
        [ 0.187500, 0.453125 ],
        [ 0.187500, 0.562500 ],
        [ 0.250000, 0.562500 ]
      ],
      [
        [ 0.250000, 0.562500 ],
        [ 0.187500, 0.562500 ],
        [ 0.187500, 0.671875 ],
        [ 0.250000, 0.671875 ]
      ],
      [
        [ 0.250000, 0.671875 ],
        [ 0.187500, 0.671875 ],
        [ 0.187500, 0.781250 ],
        [ 0.250000, 0.781250 ]
      ],
      [
        [ 0.250000, 0.781250 ],
        [ 0.187500, 0.781250 ],
        [ 0.187500, 0.890625 ],
        [ 0.250000, 0.890625 ]
      ],
      [
        [ 0.250000, 0.890625 ],
        [ 0.187500, 0.890625 ],
        [ 0.187500, 1.000000 ],
        [ 0.250000, 1.000000 ]
      ]
    ]
  },
  "2": {
    "name": "ENTITY_PLAYER_MOVE_LEFT",
    "atlas": 0,
    "loop": true,
    "length": 8,
    "frame_times": [ 100, 100, 100, 100, 100, 100, 100, 100 ],
    "texture_coordinants": [
      [
        [ 0.046875, 0.000000 ],
        [ 0.125000, 0.000000 ],
        [ 0.125000, 0.125000 ],
        [ 0.046875, 0.125000 ]
      ],
      [
        [ 0.046875, 0.125000 ],
        [ 0.125000, 0.125000 ],
        [ 0.125000, 0.250000 ],
        [ 0.046875, 0.250000 ]
      ],
      [
        [ 0.046875, 0.250000 ],
        [ 0.125000, 0.250000 ],
        [ 0.125000, 0.375000 ],
        [ 0.046875, 0.375000 ]
      ],
      [
        [ 0.046875, 0.375000 ],
        [ 0.125000, 0.375000 ],
        [ 0.125000, 0.500000 ],
        [ 0.046875, 0.500000 ]
      ],
      [
        [ 0.046875, 0.500000 ],
        [ 0.125000, 0.500000 ],
        [ 0.125000, 0.625000 ],
        [ 0.046875, 0.625000 ]
      ],
      [
        [ 0.046875, 0.625000 ],
        [ 0.125000, 0.625000 ],
        [ 0.125000, 0.750000 ],
        [ 0.046875, 0.750000 ]
      ],
      [
        [ 0.046875, 0.750000 ],
        [ 0.125000, 0.750000 ],
        [ 0.125000, 0.875000 ],
        [ 0.046875, 0.875000 ]
      ],
      [
        [ 0.046875, 0.875000 ],
        [ 0.125000, 0.875000 ],
        [ 0.125000, 1.000000 ],
        [ 0.046875, 1.000000 ]
      ]
    ]
  },
  "3": {
    "name": "ENTITY_PLAYER_MOVE_DOWN",
    "atlas": 0,
    "loop": true,
    "length": 8,
    "frame_times": [ 100, 100, 100, 100, 100, 100, 100, 100 ],
    "texture_coordinants": [
      [
        [ 0.187500, 0.125000 ],
        [ 0.125000, 0.125000 ],
        [ 0.125000, 0.234375 ],
        [ 0.187500, 0.234375 ]
      ],
      [
        [ 0.187500, 0.234375 ],
        [ 0.125000, 0.234375 ],
        [ 0.125000, 0.343750 ],
        [ 0.187500, 0.343750 ]
      ],
      [
        [ 0.187500, 0.343750 ],
        [ 0.125000, 0.343750 ],
        [ 0.125000, 0.453125 ],
        [ 0.187500, 0.453125 ]
      ],
      [
        [ 0.187500, 0.453125 ],
        [ 0.125000, 0.453125 ],
        [ 0.125000, 0.562500 ],
        [ 0.187500, 0.562500 ]
      ],
      [
        [ 0.187500, 0.562500 ],
        [ 0.125000, 0.562500 ],
        [ 0.125000, 0.671875 ],
        [ 0.187500, 0.671875 ]
      ],
      [
        [ 0.187500, 0.671875 ],
        [ 0.125000, 0.671875 ],
        [ 0.125000, 0.781250 ],
        [ 0.187500, 0.781250 ]
      ],
      [
        [ 0.187500, 0.781250 ],
        [ 0.125000, 0.781250 ],
        [ 0.125000, 0.890625 ],
        [ 0.187500, 0.890625 ]
      ],
      [
        [ 0.187500, 0.890625 ],
        [ 0.125000, 0.890625 ],
        [ 0.125000, 1.000000 ],
        [ 0.187500, 1.000000 ]
      ]
    ]
  },
  "4": {
    "name": "ENTITY_PLAYER_MOVE_RIGHT",
    "atlas": 0,
    "loop": true,
    "length": 8,
    "frame_times": [ 100, 100, 100, 100, 100, 100, 100, 100 ],
    "texture_coordinants": [
      [
        [ 0.125000, 0.000000 ],
        [ 0.046875, 0.000000 ],
        [ 0.046875, 0.125000 ],
        [ 0.125000, 0.125000 ]
      ],
      [
        [ 0.125000, 0.125000 ],
        [ 0.046875, 0.125000 ],
        [ 0.046875, 0.250000 ],
        [ 0.125000, 0.250000 ]
      ],
      [
        [ 0.125000, 0.250000 ],
        [ 0.046875, 0.250000 ],
        [ 0.046875, 0.375000 ],
        [ 0.125000, 0.375000 ]
      ],
      [
        [ 0.125000, 0.375000 ],
        [ 0.046875, 0.375000 ],
        [ 0.046875, 0.500000 ],
        [ 0.125000, 0.500000 ]
      ],
      [
        [ 0.125000, 0.500000 ],
        [ 0.046875, 0.500000 ],
        [ 0.046875, 0.625000 ],
        [ 0.125000, 0.625000 ]
      ],
      [
        [ 0.125000, 0.625000 ],
        [ 0.046875, 0.625000 ],
        [ 0.046875, 0.750000 ],
        [ 0.125000, 0.750000 ]
      ],
      [
        [ 0.125000, 0.750000 ],
        [ 0.046875, 0.750000 ],
        [ 0.046875, 0.875000 ],
        [ 0.125000, 0.875000 ]
      ],
      [
        [ 0.125000, 0.875000 ],
        [ 0.046875, 0.875000 ],
        [ 0.046875, 1.000000 ],
        [ 0.125000, 1.000000 ]
      ]
    ]
  },
  "100": {
    "name": "PLAYER_STATIC",
    "atlas": 0,
    "loop": true,
    "length": 1,
    "frame_times": [ 1 ],
    "texture_coordinants": [
      [
        [ 0.000000, 0.562500 ],
        [ 0.046875, 0.562500 ],
        [ 0.046875, 0.671875 ],
        [ 0.000000, 0.671875 ]
      ]
    ]
  }
}