{
  "0": {
    "name": "BASIC_TILE",
    "id": 0,
    "texture_coordinants": [
      [ 0.031250, 0.453125 ],
      [ 0.015625, 0.453125 ],
      [ 0.015625, 0.468750 ],
      [ 0.031250, 0.468750 ]
    ]
  },
  "1": {
    "name": "FLOWER",
    "id": 1,
    "texture_coordinants": [
      [ 0.046875, 0.453125 ],
      [ 0.031250, 0.453125 ],
      [ 0.031250, 0.468750 ],
      [ 0.046875, 0.468750 ]
    ]
  }
}